{"cameraMode":{"drawMode":0,"name":"Shaded","section":"Shading Mode"},"sceneLighting":true,"audioPlay":false,"sceneViewState":{"showFog":true,"showMaterialUpdate":false,"showSkybox":true,"showFlares":true,"showImageEffects":true,"showParticleSystems":true},"in2DMode":false,"pivot":{"x":-6.890257835388184,"y":0.2550640106201172,"z":-0.8250627517700195},"rotation":{"x":-0.12274878472089768,"y":0.8365970253944397,"z":-0.20899556577205659,"w":-0.491314172744751},"size":10.0,"orthographic":false}